{
  "entity/background_claim/f1": 0.8571428571428571,
  "entity/background_claim/precision": 0.8571428571428571,
  "entity/background_claim/recall": 0.8571428571428571,
  "entity/data/f1": 0.9692307692307692,
  "entity/data/precision": 0.9692307692307692,
  "entity/data/recall": 0.9692307692307692,
  "entity/macro/f1": 0.9372225813402285,
  "entity/macro/precision": 0.9372225813402285,
  "entity/macro/recall": 0.9372225813402285,
  "entity/micro/f1": 0.9650655021834061,
  "entity/micro/precision": 0.9650655021834061,
  "entity/micro/recall": 0.9650655021834061,
  "entity/own_claim/f1": 0.9852941176470589,
  "entity/own_claim/precision": 0.9852941176470589,
  "entity/own_claim/recall": 0.9852941176470589,
  "entity_weak/background_claim/f1": 0.8571428571428571,
  "entity_weak/background_claim/precision": 0.8571428571428571,
  "entity_weak/background_claim/recall": 0.8571428571428571,
  "entity_weak/data/f1": 0.9692307692307692,
  "entity_weak/data/precision": 0.9692307692307692,
  "entity_weak/data/recall": 0.9692307692307692,
  "entity_weak/macro/f1": 0.9372225813402285,
  "entity_weak/macro/precision": 0.9372225813402285,
  "entity_weak/macro/recall": 0.9372225813402285,
  "entity_weak/micro/f1": 0.9650655021834061,
  "entity_weak/micro/precision": 0.9650655021834061,
  "entity_weak/micro/recall": 0.9650655021834061,
  "entity_weak/own_claim/f1": 0.9852941176470589,
  "entity_weak/own_claim/precision": 0.9852941176470589,
  "entity_weak/own_claim/recall": 0.9852941176470589,
  "rel/contradicts/f1": 0.5599999999999999,
  "rel/contradicts/precision": 0.5384615384615384,
  "rel/contradicts/recall": 0.5833333333333334,
  "rel/macro/f1": 0.6596791443850267,
  "rel/macro/precision": 0.6073260073260074,
  "rel/macro/recall": 0.7245934959349594,
  "rel/micro/f1": 0.7358490566037736,
  "rel/micro/precision": 0.6610169491525424,
  "rel/micro/recall": 0.8297872340425532,
  "rel/supports/f1": 0.7593582887700534,
  "rel/supports/precision": 0.6761904761904762,
  "rel/supports/recall": 0.8658536585365854,
  "rel_weak/contradicts/f1": 0.5599999999999999,
  "rel_weak/contradicts/precision": 0.5384615384615384,
  "rel_weak/contradicts/recall": 0.5833333333333334,
  "rel_weak/macro/f1": 0.6596791443850267,
  "rel_weak/macro/precision": 0.6073260073260074,
  "rel_weak/macro/recall": 0.7245934959349594,
  "rel_weak/micro/f1": 0.7358490566037736,
  "rel_weak/micro/precision": 0.6610169491525424,
  "rel_weak/micro/recall": 0.8297872340425532,
  "rel_weak/supports/f1": 0.7593582887700534,
  "rel_weak/supports/precision": 0.6761904761904762,
  "rel_weak/supports/recall": 0.8658536585365854
}