{
  "entity/background_claim/f1": 0.5714285714285715,
  "entity/background_claim/precision": 0.6666666666666666,
  "entity/background_claim/recall": 0.5,
  "entity/data/f1": 0.5074626865671642,
  "entity/data/precision": 0.4927536231884058,
  "entity/data/recall": 0.5230769230769231,
  "entity/macro/f1": 0.547130419331912,
  "entity/macro/precision": 0.5864734299516908,
  "entity/macro/recall": 0.5174962292609352,
  "entity/micro/f1": 0.5466970387243735,
  "entity/micro/precision": 0.5714285714285714,
  "entity/micro/recall": 0.5240174672489083,
  "entity/own_claim/f1": 0.5625,
  "entity/own_claim/precision": 0.6,
  "entity/own_claim/recall": 0.5294117647058824,
  "entity_weak/background_claim/f1": 0.7755102040816326,
  "entity_weak/background_claim/precision": 0.9047619047619048,
  "entity_weak/background_claim/recall": 0.6785714285714286,
  "entity_weak/data/f1": 0.6268656716417911,
  "entity_weak/data/precision": 0.6086956521739131,
  "entity_weak/data/recall": 0.6461538461538462,
  "entity_weak/macro/f1": 0.7018336252411412,
  "entity_weak/macro/precision": 0.7544858523119392,
  "entity_weak/macro/recall": 0.6621633268692092,
  "entity_weak/micro/f1": 0.6879271070615034,
  "entity_weak/micro/precision": 0.719047619047619,
  "entity_weak/micro/recall": 0.6593886462882096,
  "entity_weak/own_claim/f1": 0.7031250000000001,
  "entity_weak/own_claim/precision": 0.75,
  "entity_weak/own_claim/recall": 0.6617647058823529
}