{
  "entity/background_claim/f1": 0.9375,
  "entity/background_claim/precision": 0.9375,
  "entity/background_claim/recall": 0.9375,
  "entity/data/f1": 0.9583333333333334,
  "entity/data/precision": 0.9583333333333334,
  "entity/data/recall": 0.9583333333333334,
  "entity/macro/f1": 0.956996204278813,
  "entity/macro/precision": 0.956996204278813,
  "entity/macro/recall": 0.956996204278813,
  "entity/micro/f1": 0.9626168224299065,
  "entity/micro/precision": 0.9626168224299065,
  "entity/micro/recall": 0.9626168224299065,
  "entity/own_claim/f1": 0.9751552795031055,
  "entity/own_claim/precision": 0.9751552795031055,
  "entity/own_claim/recall": 0.9751552795031055,
  "entity_weak/background_claim/f1": 0.9375,
  "entity_weak/background_claim/precision": 0.9375,
  "entity_weak/background_claim/recall": 0.9375,
  "entity_weak/data/f1": 0.9583333333333334,
  "entity_weak/data/precision": 0.9583333333333334,
  "entity_weak/data/recall": 0.9583333333333334,
  "entity_weak/macro/f1": 0.956996204278813,
  "entity_weak/macro/precision": 0.956996204278813,
  "entity_weak/macro/recall": 0.956996204278813,
  "entity_weak/micro/f1": 0.9626168224299065,
  "entity_weak/micro/precision": 0.9626168224299065,
  "entity_weak/micro/recall": 0.9626168224299065,
  "entity_weak/own_claim/f1": 0.9751552795031055,
  "entity_weak/own_claim/precision": 0.9751552795031055,
  "entity_weak/own_claim/recall": 0.9751552795031055,
  "rel/contradicts/f1": 0.7307692307692307,
  "rel/contradicts/precision": 0.7916666666666666,
  "rel/contradicts/recall": 0.6785714285714286,
  "rel/macro/f1": 0.725503663003663,
  "rel/macro/precision": 0.7517156862745098,
  "rel/macro/recall": 0.7037435456110155,
  "rel/micro/f1": 0.7216494845360826,
  "rel/micro/precision": 0.7216494845360825,
  "rel/micro/recall": 0.7216494845360825,
  "rel/supports/f1": 0.7202380952380952,
  "rel/supports/precision": 0.711764705882353,
  "rel/supports/recall": 0.7289156626506024,
  "rel_weak/contradicts/f1": 0.7307692307692307,
  "rel_weak/contradicts/precision": 0.7916666666666666,
  "rel_weak/contradicts/recall": 0.6785714285714286,
  "rel_weak/macro/f1": 0.725503663003663,
  "rel_weak/macro/precision": 0.7517156862745098,
  "rel_weak/macro/recall": 0.7037435456110155,
  "rel_weak/micro/f1": 0.7216494845360826,
  "rel_weak/micro/precision": 0.7216494845360825,
  "rel_weak/micro/recall": 0.7216494845360825,
  "rel_weak/supports/f1": 0.7202380952380952,
  "rel_weak/supports/precision": 0.711764705882353,
  "rel_weak/supports/recall": 0.7289156626506024
}