{
  "detection": {
    "p": 0.7342995169082126,
    "r": 0.7710144927536232,
    "f1": 0.7522092612230471
  },
  "classification": {
    "p": 0.9000560852480409,
    "r": 0.8741382680559525,
    "f1": 0.8823334296433076
  }
}