{
  "detection": {
    "p": 0.6024844720496895,
    "r": 0.6326086956521739,
    "f1": 0.6171792152704135
  },
  "classification": {
    "p": 0.8785108099735329,
    "r": 0.8439662439851988,
    "f1": 0.8537895983824692
  }
}