{
  "entity/background_claim/f1": 0.4911092294665538,
  "entity/background_claim/precision": 0.5576923076923077,
  "entity/background_claim/recall": 0.43872919818456885,
  "entity/data/f1": 0.5952248750694058,
  "entity/data/precision": 0.5683987274655355,
  "entity/data/recall": 0.6247086247086248,
  "entity/macro/f1": 0.5322658275707808,
  "entity/macro/precision": 0.5340164077703845,
  "entity/macro/recall": 0.5379334778969792,
  "entity/micro/f1": 0.5334040296924708,
  "entity/micro/precision": 0.520703933747412,
  "entity/micro/recall": 0.5467391304347826,
  "entity/own_claim/f1": 0.5104633781763827,
  "entity/own_claim/precision": 0.4759581881533101,
  "entity/own_claim/recall": 0.5503626107977437,
  "entity_weak/background_claim/f1": 0.6756985605419137,
  "entity_weak/background_claim/precision": 0.7673076923076924,
  "entity_weak/background_claim/recall": 0.6036308623298033,
  "entity_weak/data/f1": 0.6540810660744032,
  "entity_weak/data/precision": 0.6246023329798516,
  "entity_weak/data/recall": 0.6864801864801865,
  "entity_weak/macro/f1": 0.6682225063309994,
  "entity_weak/macro/precision": 0.6737261059901569,
  "entity_weak/macro/recall": 0.6725833498719306,
  "entity_weak/micro/f1": 0.6684340756451043,
  "entity_weak/micro/precision": 0.6525189786059351,
  "entity_weak/micro/recall": 0.6851449275362319,
  "entity_weak/own_claim/f1": 0.6748878923766817,
  "entity_weak/own_claim/precision": 0.6292682926829268,
  "entity_weak/own_claim/recall": 0.7276390008058018
}