{
  "entity/background_claim/f1": 0.39170506912442393,
  "entity/background_claim/precision": 0.39781591263650545,
  "entity/background_claim/recall": 0.3857791225416036,
  "entity/data/f1": 0.5501538461538462,
  "entity/data/precision": 0.5827900912646675,
  "entity/data/recall": 0.5209790209790209,
  "entity/macro/f1": 0.4589856041017004,
  "entity/macro/precision": 0.4587078241964578,
  "entity/macro/recall": 0.4634130690596549,
  "entity/micro/f1": 0.45804749340369394,
  "entity/micro/precision": 0.4451282051282051,
  "entity/micro/recall": 0.4717391304347826,
  "entity/own_claim/f1": 0.43509789702683105,
  "entity/own_claim/precision": 0.39551746868820037,
  "entity/own_claim/recall": 0.48348106365834004,
  "entity_weak/background_claim/f1": 0.5437788018433178,
  "entity_weak/background_claim/precision": 0.5522620904836193,
  "entity_weak/background_claim/recall": 0.5355521936459909,
  "entity_weak/data/f1": 0.6055384615384616,
  "entity_weak/data/precision": 0.6414602346805737,
  "entity_weak/data/recall": 0.5734265734265734,
  "entity_weak/macro/f1": 0.5798666923382824,
  "entity_weak/macro/precision": 0.5767692303392838,
  "entity_weak/macro/recall": 0.5883004700341262,
  "entity_weak/micro/f1": 0.5839929639401934,
  "entity_weak/micro/precision": 0.5675213675213675,
  "entity_weak/micro/recall": 0.6014492753623188,
  "entity_weak/own_claim/f1": 0.5902828136330674,
  "entity_weak/own_claim/precision": 0.5365853658536586,
  "entity_weak/own_claim/recall": 0.6559226430298146,
  "rel/contradicts/f1": 0.22349570200573066,
  "rel/contradicts/precision": 0.18055555555555555,
  "rel/contradicts/recall": 0.2932330827067669,
  "rel/macro/f1": 0.21582510422174944,
  "rel/macro/precision": 0.18568761384335153,
  "rel/macro/recall": 0.26109333128257306,
  "rel/micro/f1": 0.20985691573926868,
  "rel/micro/precision": 0.18954623779437105,
  "rel/micro/recall": 0.23504273504273504,
  "rel/supports/f1": 0.20815450643776823,
  "rel/supports/precision": 0.19081967213114753,
  "rel/supports/recall": 0.22895357985837922,
  "rel_weak/contradicts/f1": 0.32664756446991405,
  "rel_weak/contradicts/precision": 0.2638888888888889,
  "rel_weak/contradicts/recall": 0.42857142857142855,
  "rel_weak/macro/f1": 0.3170604370392275,
  "rel_weak/macro/precision": 0.2735837887067395,
  "rel_weak/macro/recall": 0.38237909949972204,
  "rel_weak/micro/f1": 0.30959164292497626,
  "rel_weak/micro/precision": 0.28087306145893165,
  "rel_weak/micro/recall": 0.344851904090268,
  "rel_weak/supports/f1": 0.3074733096085409,
  "rel_weak/supports/precision": 0.28327868852459015,
  "rel_weak/supports/recall": 0.3361867704280156
}