{
  "entity/background_claim/f1": 0.31578947368421056,
  "entity/background_claim/precision": 0.35,
  "entity/background_claim/recall": 0.2876712328767123,
  "entity/data/f1": 0.36046511627906974,
  "entity/data/precision": 0.45588235294117646,
  "entity/data/recall": 0.2980769230769231,
  "entity/macro/f1": 0.3384616749152964,
  "entity/macro/precision": 0.38069641649763347,
  "entity/macro/recall": 0.3092844730371767,
  "entity/micro/f1": 0.3401869158878505,
  "entity/micro/precision": 0.3729508196721312,
  "entity/micro/recall": 0.3127147766323024,
  "entity/own_claim/f1": 0.3391304347826087,
  "entity/own_claim/precision": 0.33620689655172414,
  "entity/own_claim/recall": 0.34210526315789475,
  "entity_weak/background_claim/f1": 0.5864661654135339,
  "entity_weak/background_claim/precision": 0.65,
  "entity_weak/background_claim/recall": 0.5342465753424658,
  "entity_weak/data/f1": 0.5,
  "entity_weak/data/precision": 0.6323529411764706,
  "entity_weak/data/recall": 0.41346153846153844,
  "entity_weak/macro/f1": 0.5418655333987142,
  "entity_weak/macro/precision": 0.6056118999323866,
  "entity_weak/macro/recall": 0.4971892543089371,
  "entity_weak/micro/f1": 0.5383177570093458,
  "entity_weak/micro/precision": 0.5901639344262295,
  "entity_weak/micro/recall": 0.4948453608247423,
  "entity_weak/own_claim/f1": 0.5391304347826087,
  "entity_weak/own_claim/precision": 0.5344827586206896,
  "entity_weak/own_claim/recall": 0.543859649122807,
  "rel/contradicts/f1": 0.3243243243243243,
  "rel/contradicts/precision": 0.3,
  "rel/contradicts/recall": 0.35294117647058826,
  "rel/macro/f1": 0.2083160083160083,
  "rel/macro/precision": 0.2,
  "rel/macro/recall": 0.21932773109243697,
  "rel/micro/f1": 0.1212121212121212,
  "rel/micro/precision": 0.12857142857142856,
  "rel/micro/recall": 0.11464968152866242,
  "rel/supports/f1": 0.09230769230769231,
  "rel/supports/precision": 0.1,
  "rel/supports/recall": 0.08571428571428572,
  "rel_weak/contradicts/f1": 0.48648648648648646,
  "rel_weak/contradicts/precision": 0.45,
  "rel_weak/contradicts/recall": 0.5294117647058824,
  "rel_weak/macro/f1": 0.3547817047817048,
  "rel_weak/macro/precision": 0.3458333333333333,
  "rel_weak/macro/recall": 0.36827731092436977,
  "rel_weak/micro/f1": 0.2558922558922559,
  "rel_weak/micro/precision": 0.2714285714285714,
  "rel_weak/micro/recall": 0.24203821656050956,
  "rel_weak/supports/f1": 0.22307692307692306,
  "rel_weak/supports/precision": 0.24166666666666667,
  "rel_weak/supports/recall": 0.20714285714285716
}