{
  "entity/background_claim/f1": 0.25287356321839083,
  "entity/background_claim/precision": 0.2682926829268293,
  "entity/background_claim/recall": 0.2391304347826087,
  "entity/data/f1": 0.6981132075471699,
  "entity/data/precision": 0.6166666666666667,
  "entity/data/recall": 0.8043478260869565,
  "entity/macro/f1": 0.4403786748323013,
  "entity/macro/precision": 0.398319783197832,
  "entity/macro/recall": 0.5009125067096082,
  "entity/micro/f1": 0.39349593495934954,
  "entity/micro/precision": 0.3538011695906433,
  "entity/micro/recall": 0.4432234432234432,
  "entity/own_claim/f1": 0.3701492537313433,
  "entity/own_claim/precision": 0.31,
  "entity/own_claim/recall": 0.45925925925925926,
  "entity_weak/background_claim/f1": 0.4137931034482759,
  "entity_weak/background_claim/precision": 0.43902439024390244,
  "entity_weak/background_claim/recall": 0.391304347826087,
  "entity_weak/data/f1": 0.6981132075471699,
  "entity_weak/data/precision": 0.6166666666666667,
  "entity_weak/data/recall": 0.8043478260869565,
  "entity_weak/macro/f1": 0.5577001136153973,
  "entity_weak/macro/precision": 0.5085636856368564,
  "entity_weak/macro/recall": 0.6306494900697799,
  "entity_weak/micro/f1": 0.5430894308943088,
  "entity_weak/micro/precision": 0.48830409356725146,
  "entity_weak/micro/recall": 0.6117216117216118,
  "entity_weak/own_claim/f1": 0.5611940298507462,
  "entity_weak/own_claim/precision": 0.47,
  "entity_weak/own_claim/recall": 0.6962962962962963,
  "rel/contradicts/f1": 0.0,
  "rel/contradicts/precision": 0.0,
  "rel/contradicts/recall": 0.0,
  "rel/macro/f1": 0.07773851590106007,
  "rel/macro/precision": 0.06179775280898876,
  "rel/macro/recall": 0.10476190476190476,
  "rel/micro/f1": 0.13968253968253969,
  "rel/micro/precision": 0.11,
  "rel/micro/recall": 0.19130434782608696,
  "rel/supports/f1": 0.15547703180212014,
  "rel/supports/precision": 0.12359550561797752,
  "rel/supports/recall": 0.20952380952380953,
  "rel_weak/contradicts/f1": 0.06250000000000001,
  "rel_weak/contradicts/precision": 0.045454545454545456,
  "rel_weak/contradicts/recall": 0.1,
  "rel_weak/macro/f1": 0.15756578947368421,
  "rel_weak/macro/precision": 0.12385086823289071,
  "rel_weak/macro/recall": 0.21822429906542057,
  "rel_weak/micro/f1": 0.23343848580441637,
  "rel_weak/micro/precision": 0.185,
  "rel_weak/micro/recall": 0.3162393162393162,
  "rel_weak/supports/f1": 0.25263157894736843,
  "rel_weak/supports/precision": 0.20224719101123595,
  "rel_weak/supports/recall": 0.3364485981308411
}