{
  "entity/background_claim/f1": 0.45614035087719296,
  "entity/background_claim/precision": 0.52,
  "entity/background_claim/recall": 0.40625,
  "entity/data/f1": 0.6146341463414634,
  "entity/data/precision": 0.5779816513761468,
  "entity/data/recall": 0.65625,
  "entity/macro/f1": 0.5410333595380017,
  "entity/macro/precision": 0.5390357781454187,
  "entity/macro/recall": 0.5508540372670807,
  "entity/micro/f1": 0.555052790346908,
  "entity/micro/precision": 0.5380116959064327,
  "entity/micro/recall": 0.573208722741433,
  "entity/own_claim/f1": 0.5523255813953488,
  "entity/own_claim/precision": 0.5191256830601093,
  "entity/own_claim/recall": 0.5900621118012422,
  "entity_weak/background_claim/f1": 0.5789473684210525,
  "entity_weak/background_claim/precision": 0.66,
  "entity_weak/background_claim/recall": 0.515625,
  "entity_weak/data/f1": 0.7121951219512195,
  "entity_weak/data/precision": 0.6697247706422018,
  "entity_weak/data/recall": 0.7604166666666666,
  "entity_weak/macro/f1": 0.6610009851628504,
  "entity_weak/macro/precision": 0.6599993315619725,
  "entity_weak/macro/recall": 0.6717240338164251,
  "entity_weak/micro/f1": 0.6787330316742081,
  "entity_weak/micro/precision": 0.6578947368421053,
  "entity_weak/micro/recall": 0.7009345794392523,
  "entity_weak/own_claim/f1": 0.6918604651162791,
  "entity_weak/own_claim/precision": 0.6502732240437158,
  "entity_weak/own_claim/recall": 0.7391304347826086
}