{
  "entity/background_claim/f1": 0.5222222222222221,
  "entity/background_claim/precision": 0.6025641025641025,
  "entity/background_claim/recall": 0.46078431372549017,
  "entity/data/f1": 0.8175182481751825,
  "entity/data/precision": 0.8,
  "entity/data/recall": 0.835820895522388,
  "entity/macro/f1": 0.5938669785045613,
  "entity/macro/precision": 0.6082621082621084,
  "entity/macro/recall": 0.5866732811314065,
  "entity/micro/f1": 0.5766871165644172,
  "entity/micro/precision": 0.592436974789916,
  "entity/micro/recall": 0.5617529880478087,
  "entity/own_claim/f1": 0.4418604651162791,
  "entity/own_claim/precision": 0.4222222222222222,
  "entity/own_claim/recall": 0.4634146341463415,
  "entity_weak/background_claim/f1": 0.5777777777777778,
  "entity_weak/background_claim/precision": 0.6666666666666666,
  "entity_weak/background_claim/recall": 0.5098039215686274,
  "entity_weak/data/f1": 0.8175182481751825,
  "entity_weak/data/precision": 0.8,
  "entity_weak/data/recall": 0.835820895522388,
  "entity_weak/macro/f1": 0.6588971249300566,
  "entity_weak/macro/precision": 0.674074074074074,
  "entity_weak/macro/recall": 0.6517936382173303,
  "entity_weak/micro/f1": 0.6462167689161554,
  "entity_weak/micro/precision": 0.6638655462184874,
  "entity_weak/micro/recall": 0.6294820717131474,
  "entity_weak/own_claim/f1": 0.5813953488372093,
  "entity_weak/own_claim/precision": 0.5555555555555556,
  "entity_weak/own_claim/recall": 0.6097560975609756,
  "rel/contradicts/f1": 0.3333333333333333,
  "rel/contradicts/precision": 0.25,
  "rel/contradicts/recall": 0.5,
  "rel/macro/f1": 0.3313253012048193,
  "rel/macro/precision": 0.27355072463768115,
  "rel/macro/recall": 0.4346846846846847,
  "rel/micro/f1": 0.32967032967032966,
  "rel/micro/precision": 0.2922077922077922,
  "rel/micro/recall": 0.37815126050420167,
  "rel/supports/f1": 0.3293172690763052,
  "rel/supports/precision": 0.2971014492753623,
  "rel/supports/recall": 0.36936936936936937,
  "rel_weak/contradicts/f1": 0.3333333333333333,
  "rel_weak/contradicts/precision": 0.25,
  "rel_weak/contradicts/recall": 0.5,
  "rel_weak/macro/f1": 0.3514056224899599,
  "rel_weak/macro/precision": 0.29166666666666663,
  "rel_weak/macro/recall": 0.4572072072072072,
  "rel_weak/micro/f1": 0.3663003663003663,
  "rel_weak/micro/precision": 0.3246753246753247,
  "rel_weak/micro/recall": 0.42016806722689076,
  "rel_weak/supports/f1": 0.3694779116465864,
  "rel_weak/supports/precision": 0.3333333333333333,
  "rel_weak/supports/recall": 0.4144144144144144
}