{
  "entity/background_claim/f1": 0.3937007874015748,
  "entity/background_claim/precision": 0.3968253968253968,
  "entity/background_claim/recall": 0.390625,
  "entity/data/f1": 0.6096256684491979,
  "entity/data/precision": 0.6263736263736264,
  "entity/data/recall": 0.59375,
  "entity/macro/f1": 0.5201704021946368,
  "entity/macro/precision": 0.516992266992267,
  "entity/macro/recall": 0.5248123706004141,
  "entity/micro/f1": 0.5404580152671755,
  "entity/micro/precision": 0.5299401197604791,
  "entity/micro/recall": 0.5514018691588785,
  "entity/own_claim/f1": 0.5571847507331379,
  "entity/own_claim/precision": 0.5277777777777778,
  "entity/own_claim/recall": 0.5900621118012422,
  "entity_weak/background_claim/f1": 0.4881889763779527,
  "entity_weak/background_claim/precision": 0.49206349206349204,
  "entity_weak/background_claim/recall": 0.484375,
  "entity_weak/data/f1": 0.6951871657754011,
  "entity_weak/data/precision": 0.7142857142857143,
  "entity_weak/data/recall": 0.6770833333333334,
  "entity_weak/macro/f1": 0.6114675117050768,
  "entity_weak/macro/precision": 0.6076719576719577,
  "entity_weak/macro/recall": 0.6169664423740512,
  "entity_weak/micro/f1": 0.6320610687022901,
  "entity_weak/micro/precision": 0.6197604790419161,
  "entity_weak/micro/recall": 0.6448598130841121,
  "entity_weak/own_claim/f1": 0.6510263929618768,
  "entity_weak/own_claim/precision": 0.6166666666666667,
  "entity_weak/own_claim/recall": 0.6894409937888198,
  "rel/contradicts/f1": 0.24489795918367346,
  "rel/contradicts/precision": 0.2727272727272727,
  "rel/contradicts/recall": 0.2222222222222222,
  "rel/macro/f1": 0.2595918367346939,
  "rel/macro/precision": 0.26679841897233203,
  "rel/macro/recall": 0.2556894243641231,
  "rel/micro/f1": 0.2706766917293233,
  "rel/micro/precision": 0.2621359223300971,
  "rel/micro/recall": 0.27979274611398963,
  "rel/supports/f1": 0.27428571428571424,
  "rel/supports/precision": 0.2608695652173913,
  "rel/supports/recall": 0.2891566265060241,
  "rel_weak/contradicts/f1": 0.24489795918367346,
  "rel_weak/contradicts/precision": 0.2727272727272727,
  "rel_weak/contradicts/recall": 0.2222222222222222,
  "rel_weak/macro/f1": 0.28816326530612246,
  "rel_weak/macro/precision": 0.2939723320158103,
  "rel_weak/macro/recall": 0.285809906291834,
  "rel_weak/micro/f1": 0.32080200501253137,
  "rel_weak/micro/precision": 0.3106796116504854,
  "rel_weak/micro/recall": 0.3316062176165803,
  "rel_weak/supports/f1": 0.33142857142857146,
  "rel_weak/supports/precision": 0.31521739130434784,
  "rel_weak/supports/recall": 0.3493975903614458
}