{
  "entity/background_claim/f1": 0.9705882352941176,
  "entity/background_claim/precision": 0.9705882352941176,
  "entity/background_claim/recall": 0.9705882352941176,
  "entity/data/f1": 1.0,
  "entity/data/precision": 1.0,
  "entity/data/recall": 1.0,
  "entity/macro/f1": 0.9901960784313726,
  "entity/macro/precision": 0.9901960784313726,
  "entity/macro/recall": 0.9901960784313726,
  "entity/micro/f1": 0.9880478087649402,
  "entity/micro/precision": 0.9880478087649402,
  "entity/micro/recall": 0.9880478087649402,
  "entity/own_claim/f1": 1.0,
  "entity/own_claim/precision": 1.0,
  "entity/own_claim/recall": 1.0,
  "entity_weak/background_claim/f1": 0.9705882352941176,
  "entity_weak/background_claim/precision": 0.9705882352941176,
  "entity_weak/background_claim/recall": 0.9705882352941176,
  "entity_weak/data/f1": 1.0,
  "entity_weak/data/precision": 1.0,
  "entity_weak/data/recall": 1.0,
  "entity_weak/macro/f1": 0.9901960784313726,
  "entity_weak/macro/precision": 0.9901960784313726,
  "entity_weak/macro/recall": 0.9901960784313726,
  "entity_weak/micro/f1": 0.9880478087649402,
  "entity_weak/micro/precision": 0.9880478087649402,
  "entity_weak/micro/recall": 0.9880478087649402,
  "entity_weak/own_claim/f1": 1.0,
  "entity_weak/own_claim/precision": 1.0,
  "entity_weak/own_claim/recall": 1.0,
  "rel/contradicts/f1": 0.5454545454545454,
  "rel/contradicts/precision": 0.42857142857142855,
  "rel/contradicts/recall": 0.75,
  "rel/macro/f1": 0.6775855723224145,
  "rel/macro/precision": 0.6018826135105205,
  "rel/macro/recall": 0.798728813559322,
  "rel/micro/f1": 0.7881040892193308,
  "rel/micro/precision": 0.7412587412587412,
  "rel/micro/recall": 0.8412698412698413,
  "rel/supports/f1": 0.8097165991902834,
  "rel/supports/precision": 0.7751937984496124,
  "rel/supports/recall": 0.847457627118644,
  "rel_weak/contradicts/f1": 0.5454545454545454,
  "rel_weak/contradicts/precision": 0.42857142857142855,
  "rel_weak/contradicts/recall": 0.75,
  "rel_weak/macro/f1": 0.6775855723224145,
  "rel_weak/macro/precision": 0.6018826135105205,
  "rel_weak/macro/recall": 0.798728813559322,
  "rel_weak/micro/f1": 0.7881040892193308,
  "rel_weak/micro/precision": 0.7412587412587412,
  "rel_weak/micro/recall": 0.8412698412698413,
  "rel_weak/supports/f1": 0.8097165991902834,
  "rel_weak/supports/precision": 0.7751937984496124,
  "rel_weak/supports/recall": 0.847457627118644
}