{
  "entity/background_claim/f1": 0.5040650406504066,
  "entity/background_claim/precision": 0.6458333333333334,
  "entity/background_claim/recall": 0.41333333333333333,
  "entity/data/f1": 0.7802197802197801,
  "entity/data/precision": 0.6826923076923077,
  "entity/data/recall": 0.9102564102564102,
  "entity/macro/f1": 0.6139923761874981,
  "entity/macro/precision": 0.6485156392071286,
  "entity/macro/recall": 0.6107872244714351,
  "entity/micro/f1": 0.6237816764132553,
  "entity/micro/precision": 0.6504065040650406,
  "entity/micro/recall": 0.599250936329588,
  "entity/own_claim/f1": 0.5576923076923077,
  "entity/own_claim/precision": 0.6170212765957447,
  "entity/own_claim/recall": 0.5087719298245614,
  "entity_weak/background_claim/f1": 0.6666666666666665,
  "entity_weak/background_claim/precision": 0.8541666666666666,
  "entity_weak/background_claim/recall": 0.5466666666666666,
  "entity_weak/data/f1": 0.7802197802197801,
  "entity_weak/data/precision": 0.6826923076923077,
  "entity_weak/data/recall": 0.9102564102564102,
  "entity_weak/macro/f1": 0.7002442002442001,
  "entity_weak/macro/precision": 0.7534210765593744,
  "entity_weak/macro/recall": 0.6844714349977506,
  "entity_weak/micro/f1": 0.7017543859649121,
  "entity_weak/micro/precision": 0.7317073170731707,
  "entity_weak/micro/recall": 0.6741573033707865,
  "entity_weak/own_claim/f1": 0.6538461538461539,
  "entity_weak/own_claim/precision": 0.723404255319149,
  "entity_weak/own_claim/recall": 0.5964912280701754
}