{
  "entity/background_claim/f1": 0.5454545454545454,
  "entity/background_claim/precision": 0.5217391304347826,
  "entity/background_claim/recall": 0.5714285714285714,
  "entity/data/f1": 0.6285714285714286,
  "entity/data/precision": 0.7096774193548387,
  "entity/data/recall": 0.5641025641025641,
  "entity/macro/f1": 0.5684981684981685,
  "entity/macro/precision": 0.5839881649983669,
  "entity/macro/recall": 0.5594627594627595,
  "entity/micro/f1": 0.5668789808917197,
  "entity/micro/precision": 0.577922077922078,
  "entity/micro/recall": 0.55625,
  "entity/own_claim/f1": 0.5314685314685315,
  "entity/own_claim/precision": 0.5205479452054794,
  "entity/own_claim/recall": 0.5428571428571428,
  "entity_weak/background_claim/f1": 0.7575757575757576,
  "entity_weak/background_claim/precision": 0.7246376811594203,
  "entity_weak/background_claim/recall": 0.7936507936507936,
  "entity_weak/data/f1": 0.6571428571428573,
  "entity_weak/data/precision": 0.7419354838709677,
  "entity_weak/data/recall": 0.5897435897435898,
  "entity_weak/macro/f1": 0.7046731046731048,
  "entity_weak/macro/precision": 0.717168223959901,
  "entity_weak/macro/recall": 0.6992266992266992,
  "entity_weak/micro/f1": 0.697452229299363,
  "entity_weak/micro/precision": 0.711038961038961,
  "entity_weak/micro/recall": 0.684375,
  "entity_weak/own_claim/f1": 0.6993006993006993,
  "entity_weak/own_claim/precision": 0.684931506849315,
  "entity_weak/own_claim/recall": 0.7142857142857143
}