{
  "entity/background_claim/f1": 0.979381443298969,
  "entity/background_claim/precision": 0.979381443298969,
  "entity/background_claim/recall": 0.979381443298969,
  "entity/data/f1": 0.9555555555555556,
  "entity/data/precision": 0.9555555555555556,
  "entity/data/recall": 0.9555555555555556,
  "entity/macro/f1": 0.9759731516649586,
  "entity/macro/precision": 0.9759731516649586,
  "entity/macro/recall": 0.9759731516649586,
  "entity/micro/f1": 0.9786476868327402,
  "entity/micro/precision": 0.9786476868327402,
  "entity/micro/recall": 0.9786476868327402,
  "entity/own_claim/f1": 0.9929824561403509,
  "entity/own_claim/precision": 0.9929824561403509,
  "entity/own_claim/recall": 0.9929824561403509,
  "entity_weak/background_claim/f1": 0.979381443298969,
  "entity_weak/background_claim/precision": 0.979381443298969,
  "entity_weak/background_claim/recall": 0.979381443298969,
  "entity_weak/data/f1": 0.9555555555555556,
  "entity_weak/data/precision": 0.9555555555555556,
  "entity_weak/data/recall": 0.9555555555555556,
  "entity_weak/macro/f1": 0.9759731516649586,
  "entity_weak/macro/precision": 0.9759731516649586,
  "entity_weak/macro/recall": 0.9759731516649586,
  "entity_weak/micro/f1": 0.9786476868327402,
  "entity_weak/micro/precision": 0.9786476868327402,
  "entity_weak/micro/recall": 0.9786476868327402,
  "entity_weak/own_claim/f1": 0.9929824561403509,
  "entity_weak/own_claim/precision": 0.9929824561403509,
  "entity_weak/own_claim/recall": 0.9929824561403509,
  "rel/contradicts/f1": 0.6129032258064517,
  "rel/contradicts/precision": 0.5135135135135135,
  "rel/contradicts/recall": 0.76,
  "rel/macro/f1": 0.6693415964828646,
  "rel/macro/precision": 0.6391096979332274,
  "rel/macro/recall": 0.7253125,
  "rel/micro/f1": 0.7153502235469448,
  "rel/micro/precision": 0.7361963190184049,
  "rel/micro/recall": 0.6956521739130435,
  "rel/supports/f1": 0.7257799671592774,
  "rel/supports/precision": 0.7647058823529411,
  "rel/supports/recall": 0.690625,
  "rel_weak/contradicts/f1": 0.6129032258064517,
  "rel_weak/contradicts/precision": 0.5135135135135135,
  "rel_weak/contradicts/recall": 0.76,
  "rel_weak/macro/f1": 0.6693415964828646,
  "rel_weak/macro/precision": 0.6391096979332274,
  "rel_weak/macro/recall": 0.7253125,
  "rel_weak/micro/f1": 0.7153502235469448,
  "rel_weak/micro/precision": 0.7361963190184049,
  "rel_weak/micro/recall": 0.6956521739130435,
  "rel_weak/supports/f1": 0.7257799671592774,
  "rel_weak/supports/precision": 0.7647058823529411,
  "rel_weak/supports/recall": 0.690625
}