{
  "entity/background_claim/f1": 0.4,
  "entity/background_claim/precision": 0.45454545454545453,
  "entity/background_claim/recall": 0.35714285714285715,
  "entity/data/f1": 0.4761904761904762,
  "entity/data/precision": 0.4918032786885246,
  "entity/data/recall": 0.46153846153846156,
  "entity/macro/f1": 0.4636321195144724,
  "entity/macro/precision": 0.48701820519564015,
  "entity/macro/recall": 0.44446240034475326,
  "entity/micro/f1": 0.4910714285714286,
  "entity/micro/precision": 0.502283105022831,
  "entity/micro/recall": 0.48034934497816595,
  "entity/own_claim/f1": 0.5147058823529411,
  "entity/own_claim/precision": 0.5147058823529411,
  "entity/own_claim/recall": 0.5147058823529411,
  "entity_weak/background_claim/f1": 0.64,
  "entity_weak/background_claim/precision": 0.7272727272727273,
  "entity_weak/background_claim/recall": 0.5714285714285714,
  "entity_weak/data/f1": 0.5555555555555556,
  "entity_weak/data/precision": 0.5737704918032787,
  "entity_weak/data/recall": 0.5384615384615384,
  "entity_weak/macro/f1": 0.6142047930283225,
  "entity_weak/macro/precision": 0.6493673475351392,
  "entity_weak/macro/recall": 0.5856496444731739,
  "entity_weak/micro/f1": 0.6205357142857143,
  "entity_weak/micro/precision": 0.634703196347032,
  "entity_weak/micro/recall": 0.6069868995633187,
  "entity_weak/own_claim/f1": 0.6470588235294118,
  "entity_weak/own_claim/precision": 0.6470588235294118,
  "entity_weak/own_claim/recall": 0.6470588235294118,
  "rel/contradicts/f1": 0.0909090909090909,
  "rel/contradicts/precision": 0.1,
  "rel/contradicts/recall": 0.08333333333333333,
  "rel/macro/f1": 0.12440191387559807,
  "rel/macro/precision": 0.11818181818181818,
  "rel/macro/recall": 0.13541666666666666,
  "rel/micro/f1": 0.15094339622641512,
  "rel/micro/precision": 0.13333333333333333,
  "rel/micro/recall": 0.17391304347826086,
  "rel/supports/f1": 0.15789473684210525,
  "rel/supports/precision": 0.13636363636363635,
  "rel/supports/recall": 0.1875,
  "rel_weak/contradicts/f1": 0.2727272727272727,
  "rel_weak/contradicts/precision": 0.3,
  "rel_weak/contradicts/recall": 0.25,
  "rel_weak/macro/f1": 0.3143741075678248,
  "rel_weak/macro/precision": 0.30454545454545456,
  "rel_weak/macro/recall": 0.33487654320987653,
  "rel_weak/micro/f1": 0.3474178403755869,
  "rel_weak/micro/precision": 0.30833333333333335,
  "rel_weak/micro/recall": 0.3978494623655914,
  "rel_weak/supports/f1": 0.35602094240837695,
  "rel_weak/supports/precision": 0.3090909090909091,
  "rel_weak/supports/recall": 0.41975308641975306
}