{
  "entity/background_claim/f1": 1.0,
  "entity/background_claim/precision": 1.0,
  "entity/background_claim/recall": 1.0,
  "entity/data/f1": 1.0,
  "entity/data/precision": 1.0,
  "entity/data/recall": 1.0,
  "entity/macro/f1": 0.9941520467836257,
  "entity/macro/precision": 0.9941520467836257,
  "entity/macro/recall": 0.9941520467836257,
  "entity/micro/f1": 0.993127147766323,
  "entity/micro/precision": 0.993127147766323,
  "entity/micro/recall": 0.993127147766323,
  "entity/own_claim/f1": 0.9824561403508771,
  "entity/own_claim/precision": 0.9824561403508771,
  "entity/own_claim/recall": 0.9824561403508771,
  "entity_weak/background_claim/f1": 1.0,
  "entity_weak/background_claim/precision": 1.0,
  "entity_weak/background_claim/recall": 1.0,
  "entity_weak/data/f1": 1.0,
  "entity_weak/data/precision": 1.0,
  "entity_weak/data/recall": 1.0,
  "entity_weak/macro/f1": 0.9941520467836257,
  "entity_weak/macro/precision": 0.9941520467836257,
  "entity_weak/macro/recall": 0.9941520467836257,
  "entity_weak/micro/f1": 0.993127147766323,
  "entity_weak/micro/precision": 0.993127147766323,
  "entity_weak/micro/recall": 0.993127147766323,
  "entity_weak/own_claim/f1": 0.9824561403508771,
  "entity_weak/own_claim/precision": 0.9824561403508771,
  "entity_weak/own_claim/recall": 0.9824561403508771,
  "rel/contradicts/f1": 0.6190476190476191,
  "rel/contradicts/precision": 0.52,
  "rel/contradicts/recall": 0.7647058823529411,
  "rel/macro/f1": 0.6774167861124383,
  "rel/macro/precision": 0.6148387096774194,
  "rel/macro/recall": 0.764297385620915,
  "rel/micro/f1": 0.7214076246334311,
  "rel/micro/precision": 0.6833333333333333,
  "rel/micro/recall": 0.7639751552795031,
  "rel/supports/f1": 0.7357859531772576,
  "rel/supports/precision": 0.7096774193548387,
  "rel/supports/recall": 0.7638888888888888,
  "rel_weak/contradicts/f1": 0.6190476190476191,
  "rel_weak/contradicts/precision": 0.52,
  "rel_weak/contradicts/recall": 0.7647058823529411,
  "rel_weak/macro/f1": 0.6774167861124383,
  "rel_weak/macro/precision": 0.6148387096774194,
  "rel_weak/macro/recall": 0.764297385620915,
  "rel_weak/micro/f1": 0.7214076246334311,
  "rel_weak/micro/precision": 0.6833333333333333,
  "rel_weak/micro/recall": 0.7639751552795031,
  "rel_weak/supports/f1": 0.7357859531772576,
  "rel_weak/supports/precision": 0.7096774193548387,
  "rel_weak/supports/recall": 0.7638888888888888
}