{
  "entity/background_claim/f1": 0.9364599092284418,
  "entity/background_claim/precision": 0.9364599092284418,
  "entity/background_claim/recall": 0.9364599092284418,
  "entity/data/f1": 0.9731934731934732,
  "entity/data/precision": 0.9731934731934732,
  "entity/data/recall": 0.9731934731934732,
  "entity/macro/f1": 0.9572602330340039,
  "entity/macro/precision": 0.9572602330340039,
  "entity/macro/recall": 0.9572602330340039,
  "entity/micro/f1": 0.9594202898550724,
  "entity/micro/precision": 0.9594202898550724,
  "entity/micro/recall": 0.9594202898550724,
  "entity/own_claim/f1": 0.9621273166800967,
  "entity/own_claim/precision": 0.9621273166800967,
  "entity/own_claim/recall": 0.9621273166800967,
  "entity_weak/background_claim/f1": 0.9364599092284418,
  "entity_weak/background_claim/precision": 0.9364599092284418,
  "entity_weak/background_claim/recall": 0.9364599092284418,
  "entity_weak/data/f1": 0.9731934731934732,
  "entity_weak/data/precision": 0.9731934731934732,
  "entity_weak/data/recall": 0.9731934731934732,
  "entity_weak/macro/f1": 0.9572602330340039,
  "entity_weak/macro/precision": 0.9572602330340039,
  "entity_weak/macro/recall": 0.9572602330340039,
  "entity_weak/micro/f1": 0.9594202898550724,
  "entity_weak/micro/precision": 0.9594202898550724,
  "entity_weak/micro/recall": 0.9594202898550724,
  "entity_weak/own_claim/f1": 0.9621273166800967,
  "entity_weak/own_claim/precision": 0.9621273166800967,
  "entity_weak/own_claim/recall": 0.9621273166800967,
  "rel/contradicts/f1": 0.5950920245398773,
  "rel/contradicts/precision": 0.5052083333333334,
  "rel/contradicts/recall": 0.7238805970149254,
  "rel/macro/f1": 0.6754871887405269,
  "rel/macro/precision": 0.6218570402298851,
  "rel/macro/recall": 0.7489884912785469,
  "rel/micro/f1": 0.7386736703873932,
  "rel/micro/precision": 0.7102272727272727,
  "rel/micro/recall": 0.7694938440492476,
  "rel/supports/f1": 0.7558823529411764,
  "rel/supports/precision": 0.7385057471264368,
  "rel/supports/recall": 0.7740963855421686,
  "rel_weak/contradicts/f1": 0.5950920245398773,
  "rel_weak/contradicts/precision": 0.5052083333333334,
  "rel_weak/contradicts/recall": 0.7238805970149254,
  "rel_weak/macro/f1": 0.6754871887405269,
  "rel_weak/macro/precision": 0.6218570402298851,
  "rel_weak/macro/recall": 0.7489884912785469,
  "rel_weak/micro/f1": 0.7386736703873932,
  "rel_weak/micro/precision": 0.7102272727272727,
  "rel_weak/micro/recall": 0.7694938440492476,
  "rel_weak/supports/f1": 0.7558823529411764,
  "rel_weak/supports/precision": 0.7385057471264368,
  "rel_weak/supports/recall": 0.7740963855421686
}