{
  "entity/background_claim/f1": 0.7466666666666667,
  "entity/background_claim/precision": 0.7466666666666667,
  "entity/background_claim/recall": 0.7466666666666667,
  "entity/data/f1": 1.0,
  "entity/data/precision": 1.0,
  "entity/data/recall": 1.0,
  "entity/macro/f1": 0.88046783625731,
  "entity/macro/precision": 0.88046783625731,
  "entity/macro/recall": 0.88046783625731,
  "entity/micro/f1": 0.8838951310861424,
  "entity/micro/precision": 0.8838951310861424,
  "entity/micro/recall": 0.8838951310861424,
  "entity/own_claim/f1": 0.8947368421052632,
  "entity/own_claim/precision": 0.8947368421052632,
  "entity/own_claim/recall": 0.8947368421052632,
  "entity_weak/background_claim/f1": 0.7466666666666667,
  "entity_weak/background_claim/precision": 0.7466666666666667,
  "entity_weak/background_claim/recall": 0.7466666666666667,
  "entity_weak/data/f1": 1.0,
  "entity_weak/data/precision": 1.0,
  "entity_weak/data/recall": 1.0,
  "entity_weak/macro/f1": 0.88046783625731,
  "entity_weak/macro/precision": 0.88046783625731,
  "entity_weak/macro/recall": 0.88046783625731,
  "entity_weak/micro/f1": 0.8838951310861424,
  "entity_weak/micro/precision": 0.8838951310861424,
  "entity_weak/micro/recall": 0.8838951310861424,
  "entity_weak/own_claim/f1": 0.8947368421052632,
  "entity_weak/own_claim/precision": 0.8947368421052632,
  "entity_weak/own_claim/recall": 0.8947368421052632,
  "rel/contradicts/f1": 0.6060606060606061,
  "rel/contradicts/precision": 0.5,
  "rel/contradicts/recall": 0.7692307692307693,
  "rel/macro/f1": 0.6925885359620298,
  "rel/macro/precision": 0.6202290076335878,
  "rel/macro/recall": 0.795632333767927,
  "rel/micro/f1": 0.7588652482269503,
  "rel/micro/precision": 0.7086092715231788,
  "rel/micro/recall": 0.816793893129771,
  "rel/supports/f1": 0.7791164658634537,
  "rel/supports/precision": 0.7404580152671756,
  "rel/supports/recall": 0.8220338983050848,
  "rel_weak/contradicts/f1": 0.6060606060606061,
  "rel_weak/contradicts/precision": 0.5,
  "rel_weak/contradicts/recall": 0.7692307692307693,
  "rel_weak/macro/f1": 0.6925885359620298,
  "rel_weak/macro/precision": 0.6202290076335878,
  "rel_weak/macro/recall": 0.795632333767927,
  "rel_weak/micro/f1": 0.7588652482269503,
  "rel_weak/micro/precision": 0.7086092715231788,
  "rel_weak/micro/recall": 0.816793893129771,
  "rel_weak/supports/f1": 0.7791164658634537,
  "rel_weak/supports/precision": 0.7404580152671756,
  "rel_weak/supports/recall": 0.8220338983050848
}