{
  "entity/background_claim/f1": 0.512,
  "entity/background_claim/precision": 0.6153846153846154,
  "entity/background_claim/recall": 0.4383561643835616,
  "entity/data/f1": 0.5297297297297296,
  "entity/data/precision": 0.6049382716049383,
  "entity/data/recall": 0.47115384615384615,
  "entity/macro/f1": 0.5188325540730604,
  "entity/macro/precision": 0.5720859487797157,
  "entity/macro/recall": 0.4815325766118845,
  "entity/micro/f1": 0.5191956124314442,
  "entity/micro/precision": 0.5546875,
  "entity/micro/recall": 0.4879725085910653,
  "entity/own_claim/f1": 0.5147679324894514,
  "entity/own_claim/precision": 0.4959349593495935,
  "entity/own_claim/recall": 0.5350877192982456,
  "entity_weak/background_claim/f1": 0.768,
  "entity_weak/background_claim/precision": 0.9230769230769231,
  "entity_weak/background_claim/recall": 0.6575342465753424,
  "entity_weak/data/f1": 0.6270270270270271,
  "entity_weak/data/precision": 0.7160493827160493,
  "entity_weak/data/recall": 0.5576923076923077,
  "entity_weak/macro/f1": 0.6816053521876307,
  "entity_weak/macro/precision": 0.7550475219851913,
  "entity_weak/macro/recall": 0.630221716919626,
  "entity_weak/micro/f1": 0.6691042047531993,
  "entity_weak/micro/precision": 0.71484375,
  "entity_weak/micro/recall": 0.6288659793814433,
  "entity_weak/own_claim/f1": 0.6497890295358649,
  "entity_weak/own_claim/precision": 0.6260162601626016,
  "entity_weak/own_claim/recall": 0.6754385964912281
}