{
  "entity/background_claim/f1": 0.9104477611940298,
  "entity/background_claim/precision": 0.9104477611940298,
  "entity/background_claim/recall": 0.9104477611940298,
  "entity/data/f1": 0.9809523809523809,
  "entity/data/precision": 0.9809523809523809,
  "entity/data/recall": 0.9809523809523809,
  "entity/macro/f1": 0.9367730203551098,
  "entity/macro/precision": 0.9367730203551098,
  "entity/macro/recall": 0.9367730203551098,
  "entity/micro/f1": 0.943089430894309,
  "entity/micro/precision": 0.943089430894309,
  "entity/micro/recall": 0.943089430894309,
  "entity/own_claim/f1": 0.918918918918919,
  "entity/own_claim/precision": 0.918918918918919,
  "entity/own_claim/recall": 0.918918918918919,
  "entity_weak/background_claim/f1": 0.9104477611940298,
  "entity_weak/background_claim/precision": 0.9104477611940298,
  "entity_weak/background_claim/recall": 0.9104477611940298,
  "entity_weak/data/f1": 0.9809523809523809,
  "entity_weak/data/precision": 0.9809523809523809,
  "entity_weak/data/recall": 0.9809523809523809,
  "entity_weak/macro/f1": 0.9367730203551098,
  "entity_weak/macro/precision": 0.9367730203551098,
  "entity_weak/macro/recall": 0.9367730203551098,
  "entity_weak/micro/f1": 0.943089430894309,
  "entity_weak/micro/precision": 0.943089430894309,
  "entity_weak/micro/recall": 0.943089430894309,
  "entity_weak/own_claim/f1": 0.918918918918919,
  "entity_weak/own_claim/precision": 0.918918918918919,
  "entity_weak/own_claim/recall": 0.918918918918919,
  "rel/contradicts/f1": 0.6,
  "rel/contradicts/precision": 0.46153846153846156,
  "rel/contradicts/recall": 0.8571428571428571,
  "rel/macro/f1": 0.6977272727272728,
  "rel/macro/precision": 0.5979020979020979,
  "rel/macro/recall": 0.8624557260920898,
  "rel/micro/f1": 0.7816901408450705,
  "rel/micro/precision": 0.7115384615384616,
  "rel/micro/recall": 0.8671875,
  "rel/supports/f1": 0.7954545454545455,
  "rel/supports/precision": 0.7342657342657343,
  "rel/supports/recall": 0.8677685950413223,
  "rel_weak/contradicts/f1": 0.6,
  "rel_weak/contradicts/precision": 0.46153846153846156,
  "rel_weak/contradicts/recall": 0.8571428571428571,
  "rel_weak/macro/f1": 0.6977272727272728,
  "rel_weak/macro/precision": 0.5979020979020979,
  "rel_weak/macro/recall": 0.8624557260920898,
  "rel_weak/micro/f1": 0.7816901408450705,
  "rel_weak/micro/precision": 0.7115384615384616,
  "rel_weak/micro/recall": 0.8671875,
  "rel_weak/supports/f1": 0.7954545454545455,
  "rel_weak/supports/precision": 0.7342657342657343,
  "rel_weak/supports/recall": 0.8677685950413223
}