{
  "entity/background_claim/f1": 0.430939226519337,
  "entity/background_claim/precision": 0.4642857142857143,
  "entity/background_claim/recall": 0.4020618556701031,
  "entity/data/f1": 0.4311688311688312,
  "entity/data/precision": 0.40487804878048783,
  "entity/data/recall": 0.46111111111111114,
  "entity/macro/f1": 0.46436050300520054,
  "entity/macro/precision": 0.4423930100805915,
  "entity/macro/recall": 0.49825063804987835,
  "entity/micro/f1": 0.48553054662379425,
  "entity/micro/precision": 0.44281524926686217,
  "entity/micro/recall": 0.5373665480427047,
  "entity/own_claim/f1": 0.5309734513274336,
  "entity/own_claim/precision": 0.4580152671755725,
  "entity/own_claim/recall": 0.631578947368421,
  "entity_weak/background_claim/f1": 0.5966850828729282,
  "entity_weak/background_claim/precision": 0.6428571428571429,
  "entity_weak/background_claim/recall": 0.5567010309278351,
  "entity_weak/data/f1": 0.49870129870129865,
  "entity_weak/data/precision": 0.4682926829268293,
  "entity_weak/data/recall": 0.5333333333333333,
  "entity_weak/macro/f1": 0.6001337102789213,
  "entity_weak/macro/precision": 0.5730974398075497,
  "entity_weak/macro/recall": 0.6428769518297462,
  "entity_weak/micro/f1": 0.6254019292604502,
  "entity_weak/micro/precision": 0.5703812316715543,
  "entity_weak/micro/recall": 0.6921708185053381,
  "entity_weak/own_claim/f1": 0.7050147492625368,
  "entity_weak/own_claim/precision": 0.6081424936386769,
  "entity_weak/own_claim/recall": 0.8385964912280702
}