{
  "entity/background_claim/f1": 0.43708609271523186,
  "entity/background_claim/precision": 0.375,
  "entity/background_claim/recall": 0.5238095238095238,
  "entity/data/f1": 0.5741626794258373,
  "entity/data/precision": 0.6521739130434783,
  "entity/data/recall": 0.5128205128205128,
  "entity/macro/f1": 0.47775570692164077,
  "entity/macro/precision": 0.46538595675424316,
  "entity/macro/recall": 0.5098290598290598,
  "entity/micro/f1": 0.4716157205240175,
  "entity/micro/precision": 0.44141689373297005,
  "entity/micro/recall": 0.50625,
  "entity/own_claim/f1": 0.42201834862385323,
  "entity/own_claim/precision": 0.3689839572192513,
  "entity/own_claim/recall": 0.4928571428571429,
  "entity_weak/background_claim/f1": 0.5827814569536424,
  "entity_weak/background_claim/precision": 0.5,
  "entity_weak/background_claim/recall": 0.6984126984126984,
  "entity_weak/data/f1": 0.5933014354066987,
  "entity_weak/data/precision": 0.6739130434782609,
  "entity_weak/data/recall": 0.5299145299145299,
  "entity_weak/macro/f1": 0.585707549237341,
  "entity_weak/macro/precision": 0.5606448112841975,
  "entity_weak/macro/recall": 0.6356328856328857,
  "entity_weak/micro/f1": 0.5851528384279476,
  "entity_weak/micro/precision": 0.547683923705722,
  "entity_weak/micro/recall": 0.628125,
  "entity_weak/own_claim/f1": 0.581039755351682,
  "entity_weak/own_claim/precision": 0.5080213903743316,
  "entity_weak/own_claim/recall": 0.6785714285714286,
  "rel/contradicts/f1": 0.2857142857142857,
  "rel/contradicts/precision": 0.19047619047619047,
  "rel/contradicts/recall": 0.5714285714285714,
  "rel/macro/f1": 0.22154566744730678,
  "rel/macro/precision": 0.16885772713993574,
  "rel/macro/recall": 0.3702213279678068,
  "rel/micro/f1": 0.17728531855955681,
  "rel/micro/precision": 0.15609756097560976,
  "rel/micro/recall": 0.20512820512820512,
  "rel/supports/f1": 0.15737704918032785,
  "rel/supports/precision": 0.147239263803681,
  "rel/supports/recall": 0.16901408450704225,
  "rel_weak/contradicts/f1": 0.42857142857142855,
  "rel_weak/contradicts/precision": 0.2857142857142857,
  "rel_weak/contradicts/recall": 0.8571428571428571,
  "rel_weak/macro/f1": 0.32866479925303455,
  "rel_weak/macro/precision": 0.2502191060473269,
  "rel_weak/macro/recall": 0.5509490509490509,
  "rel_weak/micro/f1": 0.25966850828729277,
  "rel_weak/micro/precision": 0.22926829268292684,
  "rel_weak/micro/recall": 0.29936305732484075,
  "rel_weak/supports/f1": 0.22875816993464052,
  "rel_weak/supports/precision": 0.2147239263803681,
  "rel_weak/supports/recall": 0.24475524475524477
}