{
  "entity/background_claim/f1": 0.4430379746835443,
  "entity/background_claim/precision": 0.38461538461538464,
  "entity/background_claim/recall": 0.5223880597014925,
  "entity/data/f1": 0.6486486486486486,
  "entity/data/precision": 0.75,
  "entity/data/recall": 0.5714285714285714,
  "entity/macro/f1": 0.4721865732596311,
  "entity/macro/precision": 0.4649259954138003,
  "entity/macro/recall": 0.5087496878541654,
  "entity/micro/f1": 0.4703703703703703,
  "entity/micro/precision": 0.43197278911564624,
  "entity/micro/recall": 0.516260162601626,
  "entity/own_claim/f1": 0.32487309644670054,
  "entity/own_claim/precision": 0.2601626016260163,
  "entity/own_claim/recall": 0.43243243243243246,
  "entity_weak/background_claim/f1": 0.7088607594936709,
  "entity_weak/background_claim/precision": 0.6153846153846154,
  "entity_weak/background_claim/recall": 0.835820895522388,
  "entity_weak/data/f1": 0.7351351351351351,
  "entity_weak/data/precision": 0.85,
  "entity_weak/data/recall": 0.6476190476190476,
  "entity_weak/macro/f1": 0.6809935554008034,
  "entity_weak/macro/precision": 0.6483531373775276,
  "entity_weak/macro/recall": 0.7602457468129109,
  "entity_weak/micro/f1": 0.6777777777777778,
  "entity_weak/micro/precision": 0.6224489795918368,
  "entity_weak/micro/recall": 0.7439024390243902,
  "entity_weak/own_claim/f1": 0.5989847715736041,
  "entity_weak/own_claim/precision": 0.4796747967479675,
  "entity_weak/own_claim/recall": 0.7972972972972973,
  "rel/contradicts/f1": 0.23076923076923078,
  "rel/contradicts/precision": 0.15789473684210525,
  "rel/contradicts/recall": 0.42857142857142855,
  "rel/macro/f1": 0.24534851430158292,
  "rel/macro/precision": 0.18673179955877717,
  "rel/macro/recall": 0.3779220779220779,
  "rel/micro/f1": 0.25742574257425743,
  "rel/micro/precision": 0.20967741935483872,
  "rel/micro/recall": 0.3333333333333333,
  "rel/supports/f1": 0.25992779783393505,
  "rel/supports/precision": 0.2155688622754491,
  "rel/supports/recall": 0.32727272727272727,
  "rel_weak/contradicts/f1": 0.3076923076923077,
  "rel_weak/contradicts/precision": 0.21052631578947367,
  "rel_weak/contradicts/recall": 0.5714285714285714,
  "rel_weak/macro/f1": 0.3721560130010835,
  "rel_weak/macro/precision": 0.2908919004097069,
  "rel_weak/macro/recall": 0.5506715506715507,
  "rel_weak/micro/f1": 0.42580645161290326,
  "rel_weak/micro/precision": 0.3548387096774194,
  "rel_weak/micro/recall": 0.532258064516129,
  "rel_weak/supports/f1": 0.4366197183098592,
  "rel_weak/supports/precision": 0.3712574850299401,
  "rel_weak/supports/recall": 0.5299145299145299
}