{
  "entity/background_claim/f1": 0.6268656716417911,
  "entity/background_claim/precision": 0.6268656716417911,
  "entity/background_claim/recall": 0.6268656716417911,
  "entity/data/f1": 0.7524752475247525,
  "entity/data/precision": 0.7835051546391752,
  "entity/data/recall": 0.7238095238095238,
  "entity/macro/f1": 0.6031136397221811,
  "entity/macro/precision": 0.5838802225169358,
  "entity/macro/recall": 0.643918758844132,
  "entity/micro/f1": 0.6007462686567163,
  "entity/micro/precision": 0.5551724137931034,
  "entity/micro/recall": 0.6544715447154471,
  "entity/own_claim/f1": 0.43,
  "entity/own_claim/precision": 0.3412698412698413,
  "entity/own_claim/recall": 0.581081081081081,
  "entity_weak/background_claim/f1": 0.7761194029850746,
  "entity_weak/background_claim/precision": 0.7761194029850746,
  "entity_weak/background_claim/recall": 0.7761194029850746,
  "entity_weak/data/f1": 0.8118811881188118,
  "entity_weak/data/precision": 0.845360824742268,
  "entity_weak/data/recall": 0.780952380952381,
  "entity_weak/macro/f1": 0.7426668637012955,
  "entity_weak/macro/precision": 0.7098055785546169,
  "entity_weak/macro/recall": 0.8073122162674401,
  "entity_weak/micro/f1": 0.7388059701492538,
  "entity_weak/micro/precision": 0.6827586206896552,
  "entity_weak/micro/recall": 0.8048780487804879,
  "entity_weak/own_claim/f1": 0.64,
  "entity_weak/own_claim/precision": 0.5079365079365079,
  "entity_weak/own_claim/recall": 0.8648648648648649
}