{
  "entity/background_claim/f1": 0.32,
  "entity/background_claim/precision": 0.4,
  "entity/background_claim/recall": 0.26666666666666666,
  "entity/data/f1": 0.6962025316455697,
  "entity/data/precision": 0.6626506024096386,
  "entity/data/recall": 0.7333333333333333,
  "entity/macro/f1": 0.4813544093876609,
  "entity/macro/precision": 0.5152655566084564,
  "entity/macro/recall": 0.4613095238095238,
  "entity/micro/f1": 0.48760330578512395,
  "entity/micro/precision": 0.5315315315315315,
  "entity/micro/recall": 0.45038167938931295,
  "entity/own_claim/f1": 0.42786069651741293,
  "entity/own_claim/precision": 0.48314606741573035,
  "entity/own_claim/recall": 0.38392857142857145,
  "entity_weak/background_claim/f1": 0.44800000000000006,
  "entity_weak/background_claim/precision": 0.56,
  "entity_weak/background_claim/recall": 0.37333333333333335,
  "entity_weak/data/f1": 0.708860759493671,
  "entity_weak/data/precision": 0.6746987951807228,
  "entity_weak/data/recall": 0.7466666666666667,
  "entity_weak/macro/f1": 0.5547744820202783,
  "entity_weak/macro/precision": 0.6025775010152971,
  "entity_weak/macro/recall": 0.5251190476190476,
  "entity_weak/micro/f1": 0.5578512396694215,
  "entity_weak/micro/precision": 0.6081081081081081,
  "entity_weak/micro/recall": 0.5152671755725191,
  "entity_weak/own_claim/f1": 0.5074626865671641,
  "entity_weak/own_claim/precision": 0.5730337078651685,
  "entity_weak/own_claim/recall": 0.45535714285714285,
  "rel/contradicts/f1": 0.2580645161290323,
  "rel/contradicts/precision": 0.2222222222222222,
  "rel/contradicts/recall": 0.3076923076923077,
  "rel/macro/f1": 0.2842046718576196,
  "rel/macro/precision": 0.2586520947176685,
  "rel/macro/recall": 0.3174825174825175,
  "rel/micro/f1": 0.3041825095057034,
  "rel/micro/precision": 0.2857142857142857,
  "rel/micro/recall": 0.3252032520325203,
  "rel/supports/f1": 0.3103448275862069,
  "rel/supports/precision": 0.29508196721311475,
  "rel/supports/recall": 0.32727272727272727,
  "rel_weak/contradicts/f1": 0.2580645161290323,
  "rel_weak/contradicts/precision": 0.2222222222222222,
  "rel_weak/contradicts/recall": 0.3076923076923077,
  "rel_weak/macro/f1": 0.3135816142876921,
  "rel_weak/macro/precision": 0.2873406193078324,
  "rel_weak/macro/recall": 0.34753984753984757,
  "rel_weak/micro/f1": 0.35606060606060597,
  "rel_weak/micro/precision": 0.3357142857142857,
  "rel_weak/micro/recall": 0.3790322580645161,
  "rel_weak/supports/f1": 0.3690987124463519,
  "rel_weak/supports/precision": 0.3524590163934426,
  "rel_weak/supports/recall": 0.38738738738738737
}