{
  "entity/background_claim/f1": 0.9782608695652174,
  "entity/background_claim/precision": 0.9782608695652174,
  "entity/background_claim/recall": 0.9782608695652174,
  "entity/data/f1": 1.0,
  "entity/data/precision": 1.0,
  "entity/data/recall": 1.0,
  "entity/macro/f1": 0.9828770799785292,
  "entity/macro/precision": 0.9828770799785292,
  "entity/macro/recall": 0.9828770799785292,
  "entity/micro/f1": 0.978021978021978,
  "entity/micro/precision": 0.978021978021978,
  "entity/micro/recall": 0.978021978021978,
  "entity/own_claim/f1": 0.9703703703703703,
  "entity/own_claim/precision": 0.9703703703703703,
  "entity/own_claim/recall": 0.9703703703703703,
  "entity_weak/background_claim/f1": 0.9782608695652174,
  "entity_weak/background_claim/precision": 0.9782608695652174,
  "entity_weak/background_claim/recall": 0.9782608695652174,
  "entity_weak/data/f1": 1.0,
  "entity_weak/data/precision": 1.0,
  "entity_weak/data/recall": 1.0,
  "entity_weak/macro/f1": 0.9828770799785292,
  "entity_weak/macro/precision": 0.9828770799785292,
  "entity_weak/macro/recall": 0.9828770799785292,
  "entity_weak/micro/f1": 0.978021978021978,
  "entity_weak/micro/precision": 0.978021978021978,
  "entity_weak/micro/recall": 0.978021978021978,
  "entity_weak/own_claim/f1": 0.9703703703703703,
  "entity_weak/own_claim/precision": 0.9703703703703703,
  "entity_weak/own_claim/recall": 0.9703703703703703,
  "rel/contradicts/f1": 0.21428571428571427,
  "rel/contradicts/precision": 0.16666666666666666,
  "rel/contradicts/recall": 0.3,
  "rel/macro/f1": 0.5120209059233449,
  "rel/macro/precision": 0.5025252525252525,
  "rel/macro/recall": 0.5415094339622641,
  "rel/micro/f1": 0.7381974248927039,
  "rel/micro/precision": 0.7350427350427351,
  "rel/micro/recall": 0.7413793103448276,
  "rel/supports/f1": 0.8097560975609757,
  "rel/supports/precision": 0.8383838383838383,
  "rel/supports/recall": 0.7830188679245284,
  "rel_weak/contradicts/f1": 0.21428571428571427,
  "rel_weak/contradicts/precision": 0.16666666666666666,
  "rel_weak/contradicts/recall": 0.3,
  "rel_weak/macro/f1": 0.5120209059233449,
  "rel_weak/macro/precision": 0.5025252525252525,
  "rel_weak/macro/recall": 0.5415094339622641,
  "rel_weak/micro/f1": 0.7381974248927039,
  "rel_weak/micro/precision": 0.7350427350427351,
  "rel_weak/micro/recall": 0.7413793103448276,
  "rel_weak/supports/f1": 0.8097560975609757,
  "rel_weak/supports/precision": 0.8383838383838383,
  "rel_weak/supports/recall": 0.7830188679245284
}