{
    "span_detection": {
        "precision": 0.7342995169082126,
        "recall": 0.7710144927536232,
        "f1-score": 0.7522092612230471
    },
    "span_classification": {
        "macro/precision": 0.9000560852480409,
        "macro/recall": 0.8741382680559525,
        "macro/f1-score": 0.8823334296433076
    }
}