{
    "span_detection": {
        "precision": 0.6024844720496895,
        "recall": 0.6326086956521739,
        "f1-score": 0.6171792152704135
    },
    "span_classification": {
        "macro/precision": 0.8785108099735329,
        "macro/recall": 0.8439662439851988,
        "macro/f1-score": 0.8537895983824692
    }
}