{
  "entity/background_claim/f1": 0.4117647058823529,
  "entity/background_claim/precision": 0.3925233644859813,
  "entity/background_claim/recall": 0.4329896907216495,
  "entity/data/f1": 0.3567251461988304,
  "entity/data/precision": 0.3765432098765432,
  "entity/data/recall": 0.3388888888888889,
  "entity/macro/f1": 0.40496406718907774,
  "entity/macro/precision": 0.3843016527336361,
  "entity/macro/recall": 0.4350706376479572,
  "entity/micro/f1": 0.41564792176039117,
  "entity/micro/precision": 0.38345864661654133,
  "entity/micro/recall": 0.45373665480427045,
  "entity/own_claim/f1": 0.44640234948604995,
  "entity/own_claim/precision": 0.3838383838383838,
  "entity/own_claim/recall": 0.5333333333333333,
  "entity_weak/background_claim/f1": 0.5098039215686274,
  "entity_weak/background_claim/precision": 0.48598130841121495,
  "entity_weak/background_claim/recall": 0.5360824742268041,
  "entity_weak/data/f1": 0.40935672514619886,
  "entity_weak/data/precision": 0.43209876543209874,
  "entity_weak/data/recall": 0.3888888888888889,
  "entity_weak/macro/f1": 0.5060931964820347,
  "entity_weak/macro/precision": 0.47774386299827626,
  "entity_weak/macro/recall": 0.5469202789333011,
  "entity_weak/micro/f1": 0.5313773431132846,
  "entity_weak/micro/precision": 0.49022556390977445,
  "entity_weak/micro/recall": 0.5800711743772242,
  "entity_weak/own_claim/f1": 0.5991189427312775,
  "entity_weak/own_claim/precision": 0.5151515151515151,
  "entity_weak/own_claim/recall": 0.7157894736842105,
  "rel/contradicts/f1": 0.19444444444444445,
  "rel/contradicts/precision": 0.14893617021276595,
  "rel/contradicts/recall": 0.28,
  "rel/macro/f1": 0.18532114030568436,
  "rel/macro/precision": 0.15755846411512933,
  "rel/macro/recall": 0.23375,
  "rel/micro/f1": 0.17802503477051462,
  "rel/micro/precision": 0.1641025641025641,
  "rel/micro/recall": 0.1945288753799392,
  "rel/supports/f1": 0.17619783616692428,
  "rel/supports/precision": 0.1661807580174927,
  "rel/supports/recall": 0.1875,
  "rel_weak/contradicts/f1": 0.3888888888888889,
  "rel_weak/contradicts/precision": 0.2978723404255319,
  "rel_weak/contradicts/recall": 0.56,
  "rel_weak/macro/f1": 0.33157849683273416,
  "rel_weak/macro/precision": 0.278673779542212,
  "rel_weak/macro/recall": 0.42542483660130725,
  "rel_weak/micro/f1": 0.28571428571428575,
  "rel_weak/micro/precision": 0.2641025641025641,
  "rel_weak/micro/recall": 0.311178247734139,
  "rel_weak/supports/f1": 0.2742681047765794,
  "rel_weak/supports/precision": 0.2594752186588921,
  "rel_weak/supports/recall": 0.2908496732026144
}