{
  "entity/background_claim/f1": 0.9682539682539683,
  "entity/background_claim/precision": 0.9682539682539683,
  "entity/background_claim/recall": 0.9682539682539683,
  "entity/data/f1": 0.9401709401709402,
  "entity/data/precision": 0.9401709401709402,
  "entity/data/recall": 0.9401709401709402,
  "entity/macro/f1": 0.9337606837606839,
  "entity/macro/precision": 0.9337606837606839,
  "entity/macro/recall": 0.9337606837606839,
  "entity/micro/f1": 0.925,
  "entity/micro/precision": 0.925,
  "entity/micro/recall": 0.925,
  "entity/own_claim/f1": 0.8928571428571429,
  "entity/own_claim/precision": 0.8928571428571429,
  "entity/own_claim/recall": 0.8928571428571429,
  "entity_weak/background_claim/f1": 0.9682539682539683,
  "entity_weak/background_claim/precision": 0.9682539682539683,
  "entity_weak/background_claim/recall": 0.9682539682539683,
  "entity_weak/data/f1": 0.9401709401709402,
  "entity_weak/data/precision": 0.9401709401709402,
  "entity_weak/data/recall": 0.9401709401709402,
  "entity_weak/macro/f1": 0.9337606837606839,
  "entity_weak/macro/precision": 0.9337606837606839,
  "entity_weak/macro/recall": 0.9337606837606839,
  "entity_weak/micro/f1": 0.925,
  "entity_weak/micro/precision": 0.925,
  "entity_weak/micro/recall": 0.925,
  "entity_weak/own_claim/f1": 0.8928571428571429,
  "entity_weak/own_claim/precision": 0.8928571428571429,
  "entity_weak/own_claim/recall": 0.8928571428571429,
  "rel/contradicts/f1": 0.6666666666666666,
  "rel/contradicts/precision": 0.5,
  "rel/contradicts/recall": 1.0,
  "rel/macro/f1": 0.7037037037037037,
  "rel/macro/precision": 0.6008771929824561,
  "rel/macro/recall": 0.892156862745098,
  "rel/micro/f1": 0.7322404371584701,
  "rel/micro/precision": 0.6733668341708543,
  "rel/micro/recall": 0.8023952095808383,
  "rel/supports/f1": 0.7407407407407408,
  "rel/supports/precision": 0.7017543859649122,
  "rel/supports/recall": 0.7843137254901961,
  "rel_weak/contradicts/f1": 0.6666666666666666,
  "rel_weak/contradicts/precision": 0.5,
  "rel_weak/contradicts/recall": 1.0,
  "rel_weak/macro/f1": 0.7037037037037037,
  "rel_weak/macro/precision": 0.6008771929824561,
  "rel_weak/macro/recall": 0.892156862745098,
  "rel_weak/micro/f1": 0.7322404371584701,
  "rel_weak/micro/precision": 0.6733668341708543,
  "rel_weak/micro/recall": 0.8023952095808383,
  "rel_weak/supports/f1": 0.7407407407407408,
  "rel_weak/supports/precision": 0.7017543859649122,
  "rel_weak/supports/recall": 0.7843137254901961
}