{
  "entity/background_claim/f1": 0.5333333333333333,
  "entity/background_claim/precision": 0.6984126984126984,
  "entity/background_claim/recall": 0.43137254901960786,
  "entity/data/f1": 0.7152317880794703,
  "entity/data/precision": 0.6428571428571429,
  "entity/data/recall": 0.8059701492537313,
  "entity/macro/f1": 0.5691295502748561,
  "entity/macro/precision": 0.5948172198172198,
  "entity/macro/recall": 0.5709841514569668,
  "entity/micro/f1": 0.5637860082304526,
  "entity/micro/precision": 0.5829787234042553,
  "entity/micro/recall": 0.545816733067729,
  "entity/own_claim/f1": 0.4588235294117647,
  "entity/own_claim/precision": 0.4431818181818182,
  "entity/own_claim/recall": 0.47560975609756095,
  "entity_weak/background_claim/f1": 0.6909090909090908,
  "entity_weak/background_claim/precision": 0.9047619047619048,
  "entity_weak/background_claim/recall": 0.5588235294117647,
  "entity_weak/data/f1": 0.7417218543046357,
  "entity_weak/data/precision": 0.6666666666666666,
  "entity_weak/data/recall": 0.835820895522388,
  "entity_weak/macro/f1": 0.6814652170320264,
  "entity_weak/macro/precision": 0.7207792207792209,
  "entity_weak/macro/recall": 0.6762635887991891,
  "entity_weak/micro/f1": 0.6790123456790123,
  "entity_weak/micro/precision": 0.7021276595744681,
  "entity_weak/micro/recall": 0.6573705179282868,
  "entity_weak/own_claim/f1": 0.611764705882353,
  "entity_weak/own_claim/precision": 0.5909090909090909,
  "entity_weak/own_claim/recall": 0.6341463414634146
}