{
  "entity/background_claim/f1": 0.3291139240506329,
  "entity/background_claim/precision": 0.3939393939393939,
  "entity/background_claim/recall": 0.2826086956521739,
  "entity/data/f1": 0.54421768707483,
  "entity/data/precision": 0.39603960396039606,
  "entity/data/recall": 0.8695652173913043,
  "entity/macro/f1": 0.42354600281062,
  "entity/macro/precision": 0.38472550958799584,
  "entity/macro/recall": 0.5297369833601718,
  "entity/micro/f1": 0.4152823920265781,
  "entity/micro/precision": 0.3799392097264438,
  "entity/micro/recall": 0.45787545787545786,
  "entity/own_claim/f1": 0.3973063973063973,
  "entity/own_claim/precision": 0.36419753086419754,
  "entity/own_claim/recall": 0.43703703703703706,
  "entity_weak/background_claim/f1": 0.5696202531645569,
  "entity_weak/background_claim/precision": 0.6818181818181818,
  "entity_weak/background_claim/recall": 0.4891304347826087,
  "entity_weak/data/f1": 0.5714285714285714,
  "entity_weak/data/precision": 0.4158415841584158,
  "entity_weak/data/recall": 0.9130434782608695,
  "entity_weak/macro/f1": 0.5913484858632537,
  "entity_weak/macro/precision": 0.5593022265189482,
  "entity_weak/macro/recall": 0.6994900697799249,
  "entity_weak/micro/f1": 0.6013289036544851,
  "entity_weak/micro/precision": 0.5501519756838906,
  "entity_weak/micro/recall": 0.663003663003663,
  "entity_weak/own_claim/f1": 0.632996632996633,
  "entity_weak/own_claim/precision": 0.5802469135802469,
  "entity_weak/own_claim/recall": 0.6962962962962963
}